# A signed contributor license agreement for a pull request author needs to be on file with
# Anaconda, Inc. for pull requests to be merged. This file, while not an official record,
# is used by conda-bot for the purposes of CLA status on pull requests.

# Each row in this file has three fields. The first field is github username. The second field
# is git id, the output of `git log -n1 --format="%aN <%aE>"` when HEAD is at a specific user's
# latest commit. The third column is the date the CLA was signed, or alternate disposition for
# the user's contributions.

# The second field, which is the git (not GitHub!) identifier for the user, is designed to
# work in conjunction with the .mailmap file at the root of this repository.

3kwa | Eugene Van den Bulke <eugene.vandenbulke@gmail.com> | 2018-06-01
ab12gu | Abhay Gupta <ab18gu@gmail.com> | 2018-03-02
aburgm | Armin Burgmeier <aburgmeier@bloomberg.net> | 2018-07-24
alanhdu | Alan Du <alanhdu@gmail.com> | 2018-06-05
albertmichaelj | Michael Albert <albertmichaelj@gmail.com> | 2019-02-27
aldanor | Ivan Smirnov <i.s.smirnov@gmail.com> | 2018-07-24
alexbw | Alex Wiltschko <alex.bw@gmail.com> | 2018-05-23
alexhall | Alex Hall <alexhall99@gmail.com> | 2019-05-22
almarklein | Almar Klein <almar.klein@gmail.com> | 2018-06-04
analog-cbarber | Christopher Barber <christopher.barber@analog.com> | 2019-03-22
arkottke | Albert Kottke <albert.kottke@gmail.com> | 2018-07-23
asmeurer | Aaron Meurer <aaron.meurer@continuum.io> | Anaconda, Inc.
aterrel | Andy R. Terrel <andy.terrel@gmail.com> | Anaconda, Inc.
basnijholt | Bas Nijholt <basnijholt@gmail.com> | 2018-06-04
bearnshaw | Berton Earnshaw <berton.earnshaw@gmail.com> | 2018-06-04
beenje | Benjamin Bertrand <beenje@gmail.com> | 2019-01-14
Bezier89 | James Sexton <TwistedLadder@gmail.com> | 2018-07-23
bilderbuchi | Christoph Buchner <bilderbuchi@users.noreply.github.com> | 2018-07-25
bkreider | Bradley Kreider <bkreider@continuum.io> | Anaconda, Inc.
blackgear | Daniel Zeng <daniel65536@gmail.com> | 2019-02-27
bluekeyes | Billy Keyes <bluekeyes@gmail.com> | 2018-05-23
bnemanich | Bradley Nemanich <brad.nemanich@gmail.com> | 2020-05-05
bradsaracik | Brad S <35494318+bradsaracik@users.noreply.github.com> | 2018-07-28
brentp | Brent Pedersen <bpederse@gmail.com> | 2018-07-23
bryevdv | Bryan Van de Ven <bryanv@continuum.io> | Anaconda, Inc.
campos-ddc | Diogo de Campos <campos@esss.com.br> | 2018-06-01
certik | Ondřej Čertík <ondrej.certik@gmail.com> | 2018-07-24
cgranade | Christopher Granade <cgranade@cgranade.com> | 2018-09-21
chdoig | Christine Doig <christine.doig.cardet@gmail.com> | Anaconda, Inc.
chenghlee | Cheng H. Lee <clee@anaconda.com> | Anaconda, Inc.
chrislf | Chris Linton-Ford <chris.lintonford@gmail.com> | 2018-08-01
chrisburr | Chris Burr <chrisburr73@gmail.com> | 2019-05-13
CJ-Wright | christopher <cjwright4242@gmail.com> | 2018-08-20
cjmartian | Connor Martin <connormartin7@gmail.com> | Anaconda, Inc.
csoja | Crystal Soja <crystal.soja@continuum.io> | Anaconda, Inc.
csosborn | Chris Osborn <csosborn@gmail.com> | 2019-06-04
cstich | Christoph Stich <christoph.n.stich@gmail.com> | 2018-06-13
dan-blanchard | Dan Blanchard <dan.blanchard@gmail.com> | 2018-07-24
davemasino | Dave Masino <davem@slalom.com> | 2019-02-07
dawehner | Daniel Wehner <dawehner@users.noreply.github.com> | 2018-06-02
ddale | Darren Dale <dsdale24@gmail.com> | 2018-07-26
dedalusj | Jacopo <dedalusj@gmail.com> | 2018-06-01
delicb | Bojan Delic <bojan@delic.in.rs> | 2018-07-24
dennispg | Dennis George <dennispg@gmail.com> | 2019-03-29
desilinguist | Nitin Madnani <nmadnani@gmail.com> | 2018-06-01
dhirschfeld | David Hirschfeld <david.hirschfeld@gazprom-mt.com> | 2018-07-25
dmkent | David Kent <davidkent@fastmail.com.au> | 2018-07-23
dorzel | Dylan Orzel <dylan.orzel@gmail.com> | Anaconda, Inc.
dsludwig | Derek Ludwig <dludwig@continuum.io> | Anaconda, Inc.
duncanmmacleod | Duncan Macleod <duncanmmacleod@gmail.com> | 2019-04-02
electronwill | Will Warner <electronwill@gmail.com> | Anaconda, Inc.
elehcim | Michele Mastropietro <michele.mastropietro@gmail.com> | 2018-07-24
ericdill | Eric Dill <edill@bnl.gov> | 2018-06-04
esc | Valentin Haenel <valentin@haenel.co> | 2018-07-24
EternalPhane | Zongyuan Zuo <eternalphane@gmail.com> | 2019-04-24
faph | Florenz A. P. Hollebrandse <faph@users.noreply.github.com> | 2018-09-19
flaviomartins | Flavio Martins <flaviomartins@acm.org> | 2018-06-05
frol | Vlad Frolov <frolvlad@gmail.com> | 2018-06-04
gabrielcnr | Gabriel Reis <gabrielcnr@gmail.com> | 2019-02-20
geremih | Mihir Rege <mihirrege@mail.com> | 2018-12-11
goanpeca | Gonzalo Peña-Castellanos <goanpeca@gmail.com> | Anaconda, Inc.
gomyhr | Geir Ove Myhr <Geir.Ove.Myhr@lr.org> | 2018-06-07
gqmelo | Guilherme Quentel Melo <gqmelo@gmail.com> | 2018-05-24
groutr | Ryan Grout <rgrout@continuum.io> | Anaconda, Inc.
guoci | guoci <zguoci@gmail.com> | 2018-06-04
hajs | Henning Schroder <henning.schroeder@gmail.com> | 2018-06-01
hartzell | George Hartzell <hartzell@alerce.com> | 2018-07-20
hubmann | Patricio Hubmann <phubmann@machinalis.com> | 2018-07-24
HugoTian | Tian Zhang <zhangtian1000@gmail.com> | Anaconda, Inc.
ijstokes | Ian Stokes-Rees <ijstokes@continuum.io> | Anaconda, Inc.
ilanschnell | Ilan Schnell <ilan@continuum.io> | Anaconda, Inc.
ilango100 | Ilango R <ilangokul@gmail.com> | 2019-04-02
immerrr | immerrr <immerrr@gmail.com> | 2018-07-30
ivigamberdiev | Igor <ivigamberdiev@gmail.com> | 2019-04-08
jacoblsmith | Jacob Smith <jacoblsmith@gmail.com> | 2018-08-01
jaimergp | Jaime RGP <jaime.rogue@gmail.com> | 2018-06-01
jakirkham | John Kirkham <kirkhamj@janelia.hhmi.org> | 2018-08-02
jameswinegar | James Winegar <jameswinegar@users.noreply.github.com> | 2018-07-23
JarnoRFB | Rüdiger Busche <ruedigerbusche@web.de> | 2018-07-23
javabrett | Brett Randall <javabrett@gmail.com> | 2019-04-02
jerowe | Jillian Rowe <jillian.e.rowe@gmail.com> | 2018-07-23
jesse- | Jesse Hamer <4989897+jesse-@users.noreply.github.com> | 2018-08-05
jharriman | Justyn Harriman <justyn@nextdoor.com> | 2018-07-30
jhunkeler | Joseph Hunkeler <jhunkeler@gmail.com> | 2018-06-01
jjhelmus | Jonathan J. Helmus <jjhelmus@gmail.com> | 2018-06-07
jni | Juan Nunez-Iglesias <juan.n@unimelb.edu.au> | 2018-06-01
joelhullcio | joel.hull@continuum.io <joel.hull@continuum.io> | Anaconda, Inc.
joelkim | Joel Kim <kim.dohhyoung@gmail.com> | 2018-07-24
jpgill86 | Jeffrey Gill <jeffrey.p.gill@gmail.com> | 2019-04-10
jrovegno | jrovegno <tatadeluxe@gmail.com> | 2018-07-31
jseabold | Skipper Seabold <jsseabold@gmail.com> | 2018-06-01
Juanlu001 | Juan Luis Cano Rodríguez <juanlu001@gmail.com> | 2018-06-01
jusjusjus | jusjusjus <jschwabedal@gmail.com> | 2018-06-04
jwkvam | Jacques Kvam <jwkvam@gmail.com> | 2018-06-04
kalefranz | Kale Franz <kfranz@continuum.io> | Anaconda, Inc.
katietz | Kai Tietz <ktietz@anaconda.com> | Anaconda, Inc.
kdeldycke | Kevin Deldycke <kevin@deldycke.com> | 2018-06-05
kurtwheeler | Kurt Wheeler <kurt.wheeler91@gmail.com> | 2018-07-30
lidavidm | David Li <li.davidm96@gmail.com> | Anaconda, Inc.
loriab | Lori A. Burns <lori.burns@gmail.com> | 2018-07-24
luc-j-bourhis | Luc J. Bourhis <luc_j_bourhis@mac.com> | 2018-06-04
m-rossi | Marco Rossi <developer@marco-rossi.com> | 2018-06-09
Maggie-M | Maggie Mari <maggie.mari@continuum.io> | Anaconda, Inc.
majidaldo | majidaldo <majidaldosar-github@yahoo.com> | 2018-07-24
malev | Marcos Vanetta <marcosvanetta@gmail.com> | Anaconda, Inc.
mandeep | mandeep <mbhutani@continuum.io> | 2018-09-04
marcelotrevisani | Marcelo Duarte Trevisani <marceloduartetrevisani@gmail.com> | 2018-06-04
MarckK | Kara de la Marck <karadelamarck@gmail.com> | 2019-02-19
mariusvniekerk | Marius van Niekerk <marius.v.niekerk@gmail.com> | 2019-01-04
martinkou | Man Tong Kou <bitanarch@gmail.com> | 2019-05-19
matta9001 | Matthew Anderson <matta9001@gmail.com> | 2019-02-23
MaxNoe | Maximilian Noethe <maximilian.noethe@tu-dortmund.de> | 2018-07-24
mbargull | Marcel Bargull <mbargull@users.noreply.github.com> | 2018-06-04
mcg1969 | Michael Grant <mgrant@continuum.io> | Anaconda, Inc.
mdeff | Michaël Defferrard <michael.defferrard@epfl.ch> | 2018-07-23
mdengler | Martin Dengler <martin@martindengler.com> | 2018-06-28
megies | Tobias Megies <megies@geophysik.uni-muenchen.de> | 2018-07-24
melund | Morten Enemark Lund <melund@gmail.com> | 2018-06-01
mguillau | Matthieu Guillaumin <matthieg@amazon.com> | 2018-08-30
mika-fischer | Mika Fischer <mika.fischer@zoopnet.de> | 2018-07-05
mingwandroid | Ray Donnelly <mingw.android@gmail.com> | Anaconda, Inc.
minrk | MinRK <benjaminrk@gmail.com> | 2018-07-30
mmarchetti | Michael Marchetti <mmarchetti@continuum.io> | Anaconda, Inc.
MrKriss | Chris Musselle <chris.j.musselle@gmail.com> | 2019-05-09
msarahan | Michael Sarahan <msarahan@continuum.io> | Anaconda, Inc.
murraryreadccdc | M.G. Read <read@ccdc.cam.ac.uk> | 2019-02-05
mutirri | irritum <kamil.kwiek@continuum.io> | Anaconda, Inc.
mwabumba | Mohamed Mwabumba <mwabbumba@gmail.com> | 2019-04-25
mwiebe | Mark Wiebe <mwiebe@continuum.io> | Anaconda, Inc.
Naftali | Naftali Eichen <naftalieichen@gmail.com | 2019-06-03
necaris | Rami R Chowdhury <rami.chowdhury@gmail.com  2019-05-27
nehaljwani | Nehal J Wani <nehaljw.kkd1@gmail.com> | 2018-06-01
nh3 | Ni Huang <ni.huang@sanger.ac.uk> | 2019-03-20
nickeubank | Nick Eubank <nickeubank@users.noreply.github.com> | 2018-06-04
nicoddemus | Bruno Oliveira <nicoddemus@gmail.com> | 2018-05-23
njalerikson | Odegard, Ken <ken.odegard@gmail.com> | 2018-06-01
noahp | Noah Pendleton <noah.pendleton@gmail.com> | 2019-04-15
nok | Darius Moraweic <darius.morawiec@nok.onl> | 2018-12-28
nouiz | Frederic Bastien <nouiz@nouiz.org> | 2018-06-11
ofek | Ofek Lev <ofekmeister@gmail.com> | 2018-06-04
ohadravid | Ohad Ravid <ohad.rv@gmail.com> | 2018-07-24
opoplawski | Orion Poplawski <orion@nwra.com> | 2018-06-04
oyse | Øystein Idema Torget <oysteinidema.torget@statkraft.com> | 2018-07-27
pelson | Phil Elson <pelson.pub@gmail.com> | 2018-07-25
petebachant | Pete Bachant <petebachant@gmail.com> | 2018-05-23
petercable | Peter Cable <petercable@gmail.com> | 2018-07-23
pkgw | Peter Williams <peter@newton.cx> | 2018-06-04
pombredanne | Philippe Ombredanne <pombredanne@gmail.com> | 2018-06-04
prusse-martin | Martin Prusse <prusse.martin@gmail.com> | 2019-02-11
quasiben | Benjamin Zaitlen <quasiben@gmail.com> | Anaconda, Inc.
rafaelhbarros | Rafael de Barros <rdebarros@gmail.com> | Anaconda, Inc.
remram44 | Remi Rampin <remirampin@gmail.com> | 2018-06-01
rgommers | Ralf Gommers <ralf.gommers@googlemail.com> | 2018-07-23
rrigdon | Rachel Rigdon <rrigdon@anaconda.com> | Anaconda, Inc.
sachinbiradar9 | Sachin G Biradar <sachin@wirelessprvnat-172-16-196-108.near.illinois.edu> | 2018-07-23
satoshi | Satoshi Yagi <satoshi.yagi@yahoo.com> | 2019-05-07
scopatz | Anthony Scopatz <scopatz@gmail.com> | 2018-06-04
scw | Shaun Walbridge <shaun.walbridge@gmail.com> | 2018-05-24
sdvillal | santi <sdvillal@gmail.com> | 2018-06-01
shadowwalkersb | shadow_walker <shadowwalkersb@gmail.com> | 2018-06-04
ShannonGreen | Shannon Green <sgreen@cochlear.com> | 2018-07-26
soapy1 | Sophia Castellarin <scastellarin@continuum.io> | Anaconda, Inc.
soxofaan | Stefaan Lippens <stefaan@netlog.com> | 2018-06-06
spamlrot-tic | Stephen Palmroth <spalmrot@tudor.com> | 2019-03-26
srossross | srossross <srossross@gmail.com> | Anaconda, Inc.
stefanseefeld | Stefan Seefeld <stefan@seefeld.name> | Anaconda, Inc.
stuarteberg | Stuart Berg <bergs@janelia.hhmi.org> | 2018-06-04
tadeu | Tadeu Manoel <tadeu@esss.com.br> | 2018-06-04
takluyver | Thomas Kluyver <takowl@gmail.com> | 2018-06-15
tarasama | Tara Samander <tarasamander@yahoo.co.uk> | 2019-04-07
teake | Teake Nutma <t.a.nutma@rug.nl> | 2018-07-24
teoliphant | Travis E. Oliphant <teoliphant@gmail.com> | Anaconda, Inc.
tdhopper| Tim Hopper <tdhopper@gmail.com> | 2018-08-01
tomkinsc | Chris Tomkins-Tinch <tomkinsc@gmail.com> | 2018-07-23
tpn | Trent Nelson <trent@trent.me> | 2018-08-01
tpowellcio | Troy Powell <tpowell@MathBook Pro.(none)> | Anaconda, Inc.
tswicegood | Travis Swicegood <travis@domain51.com> | Anaconda, Inc.
twiecki | Thomas Wiecki <thomas.wiecki@gmail.com> | 2018-07-24
tyler-thetyrant | Tyler Kim <tkim139@illinois.edu> | 2018-06-04
ukoethe | Ullrich Koethe <ullrich.koethe@iwr.uni-heidelberg.de> | 2018-07-24
vestuto | Jason Vestuto <jvestuto@continuum.io> | Anaconda, Inc.
wojdyr | Marcin Wojdyr <wojdyr@gmail.com> | 2018-06-01
wulmer | Wolfgang Ulmer <wolfgang.ulmer@de.bosch.com> | 2018-06-11
yuvalreches | Yuval <bigbirds@gmail.com> | 2019-05-05
Zaharid | Zahari <zaharid@gmail.com> | 2018-07-24
zdog234 | Zane Dufour <zane.dufour@gmail.com | 2019-03-26
zzag | Vlad Zagorodniy <vladzzag@gmail.com> | 2018-07-24


# Signed; no commits
fabioz | Fabio Zadrozny <> | 2018-08-24
jbcrail | Joseph Crail <> | 2018-06-01
jesse- | Jesse Hamer <> | 2018-08-05
ihnorton | Isaiah Norton <> | 2018-07-27
methane | INADA Naoki <> | 2018-07-23
ohadravid | Ohad Ravid <> | 2018-07-24
nickpowersys | Nicholas Brown <> | 2018-09-20
keszybz | Zbigniew Jędrzejewski-Szmek <> | 2018-09-21
amelio-vazquez-reina | Amelio Vazquez-Reina <> | 2018-09-25
makbigc | Mak Sze Chun <> | 2018-10-02
mrakitin | Maksim Rakitin <> | 2018-10-19
sdebionne | Debionne <> | 2018-11-08


# added 2020-03-23
murrayreadccdc | M.G.Read <> | 2019-02-05
albertmichalej | Michael Albert <> | 2019-02-27
spalmrot-tic | Stephen Palmroth <> | 2019-03-26
ScottEvtuch | Scott Evtuch <> | 2019-06-12
twinssbc | Bocong Sui <> | 2019-06-26
ToddEmonster | RAHARIVELO Solange <> | 2019-07-03
forrestwaters | Forrest Waters <> | 2019-07-03
richardjgowers | Richard Gowers <> | 2019-07-05
rogererens | Roger Erens <> | 2019-07-20
matthewwardrop | Matthew Wardrop <> | 2019-07-30
hajapy | Andrew Achkar <> | 2019-08-01
nicolas-geniteau | nicolas <> | 2019-08-13
WesRoach | Wes Roach <> | 2019-08-13
tartansandal | Kahlil Hodgson <> | 2019-08-26
nganani | Nir Ganani <> | 2019-09-01
zheaton | Zach Heaton <> | 2019-02-02
dsm054 | Douglas McNeil <> | 2019-09-06
asford | Alexander Ford <> | 2019-09-18
jeremyjliu | Jeremy Liu <> | 2019-09-18
ericpre | Eric Prestat <> | 2019-09-20
jpigla | Jan-Philipp Igla <> | 2019-09-22
andreasg123 | Andreas Girgensohn <> | 2019-09-25


