# This file was autogenerated by rever: https://regro.github.io/rever-docs/
# This prevent git from showing duplicates with various logging commands.
# See the git documentation for more details. The syntax is:
#
#   good-name <good-email> bad-name <bad-email>
#
# You can skip bad-name if it is the same as good-name and is unique in the repo.
#
# This file is up-to-date if the command git log --format="%aN <%aE>" | sort -u
# gives no duplicates.

ARF1 <arik@funke.eu> ARF <none@none>
Aaron Meurer <aaron.meurer@continuum.io> Aaron Meurer <asmeurer@gmail.com>
Abheek Mathur <f20190475@pilani.bits-pilani.ac.in> unknown <f20190475@pilani.bits-pilani.ac.in>
Adrian Freund <adrian.freund@quantco.com>
Alain Domissy <alaindomissy@gmail.com>
Alan Du <alanhdu@gmail.com>
Albert DeFusco <albert.defusco@me.com>
Albert Kottke <albert.kottke@gmail.com>
Alberto Gobbi <alberto.gobbi@gmx.de> bgobbi <alberto.gobbi@gmx.de>
Alex Alvarez <dominalexican@gmail.com>
Alex Hall <alex@arena.io>
Alex Liew <alex.ljz@gmail.com>
Alex Wiltschko <alex.bw@gmail.com>
Alisue <lambdalisue@hashnote.net> lambdalisue <lambdalisue@hashnote.net>
Almar Klein <almar.klein@gmail.com>
Amelio Vazquez-Reina <amelio.vazquez.reina@gmail.com>
Amir Mohammadi <183.amir@gmail.com> Amir MOHAMMADI <amir.mohammadi@idiap.ch>
Andrea Ghensi <andrea.ghensi@gmail.com>
Andreas Girgensohn <andreasg123@users.noreply.github.com>
Andrew Achkar <hajapy@users.noreply.github.com>
Andrew Arendt <andrewarendt@gmail.com>
Andrew M. Farrell <amfarrell@mit.edu>
Andy R. Terrel <andy.terrel@gmail.com>
Angela Gloyna <angela.gloyna@gmail.com> angloyna <angela.gloyna@gmail.com>
Angela Gloyna <angela.gloyna@gmail.com> angela gloyna <angela.gloyna@gmail.com>
Anthon van der Neut <anthon@mnt.org>
Anthony Scopatz <scopatz@gmail.com>
Antoine Gallix <antoine.gallix@gmail.com>
Antoine Prouvost <AntoinePrv@users.noreply.github.com>
Antony Lee <anntzer.lee@gmail.com>
Anže Starič <anze.staric@gmail.com>
ApurvaWavhal <a.r.wavhal@gmail.com>
Armin Burgmeier <aburgmeier@bloomberg.net> Armin Burgmeier <armin@arbur.net>
Arqam Hussain <70997750+arq0017@users.noreply.github.com>
Attila Nagy <58312016+rulerofthehuns@users.noreply.github.com> rulerofthehuns <58312016+rulerofthehuns@users.noreply.github.com>
Aurelien Vallee <vallee.aurelien@gmail.com>
Avalon <77029455+uwuvalon@users.noreply.github.com> avalon (they/them) <77029455+uwuvalon@users.noreply.github.com>
Bas Nijholt <basnijholt@gmail.com>
Bastian Zimmermann <10774221+BastianZim@users.noreply.github.com>
Ben Bodenmiller <bbodenmiller@gmail.com>
Ben Mares <15216687+maresb@users.noreply.github.com>
Benedikt Wildenhain <benedikt.wildenhain@hs-bochum.de>
Benjamin Bertrand <beenje@gmail.com>
Benjamin Fischer <b.fis@cern.ch> bfis <b.fis@cern.ch>
Benjamin Wilhelm <benjamin.wilhelm@knime.com>
Benjamin Zaitlen <quasiben@gmail.com>
Bernardo da Eira Duarte <bernardoeiraduarte@gmail.com>
Bernd Jünger <me@blindgaenger.net> blindgaenger <me@blindgaenger.net>
Berton Earnshaw <berton.earnshaw@gmail.com>
Bianca Henderson <bhenderson@anaconda.com> Bianca Henderson <beeankha@gmail.com>
Billy Keyes <bluekeyes@gmail.com>
Blake Nicholson <blake.nicholson@principled.io>
Bocong Sui <bocong@hotmail.com> twinssbc <bocong@hotmail.com>
Bojan Delic <bojan@delic.in.rs>
Brad Nemanich <brad.nemanich@ibm.com>
Brad S <35494318+bradsaracik@users.noreply.github.com>
Bradley Kreider <bkreider@continuum.io>
Brennan Chapman <brennan@moonbotstudios.com>
Brent Pedersen <bpederse@gmail.com>
Brett Cannon <brettcannon@users.noreply.github.com> Brett Cannon <54418+brettcannon@users.noreply.github.com>
Brett Randall <javabrett@gmail.com>
Brian W. Hart <hartb@us.ibm.com>
Bruno Oliveira <nicoddemus@gmail.com> Bruno Oliveira <bruno@esss.com.br>
Bryan Van de Ven <bryanv@continuum.io> bryanv@continuum.io <bryanv@continuum.io>
Bryan Van de Ven <bryanv@continuum.io> bryanv@continuum.io <bryan@ubuntu.(none)>
Bryan Van de Ven <bryanv@continuum.io> bryanv@continuum.io <bryanv@filer.atx.continuum.io>
Bryan Van de Ven <bryanv@continuum.io> Bryan Van de Ven <bryanv@continuum.io>
Bryan Van de Ven <bryanv@continuum.io> Bryan Van de Ven <bryan@ubuntu.(none)>
Bryan Van de Ven <bryanv@continuum.io> Bryan Van de Ven <bryanv@filer.atx.continuum.io>
Carlos H Brandt <482051+chbrandt@users.noreply.github.com>
Casper da Costa-Luis <casper.dcl@physics.org>
Chawye Hsu <chawyehsu@hotmail.com>
Cheng H. Lee <clee@anaconda.com> Cheng H. Lee <chenghlee@users.noreply.github.com>
Chris Burr <christopher.burr@cern.ch> Chris Burr <chrisburr@users.noreply.github.com>
Chris Granade <cgranade@gmail.com>
Chris Linton-Ford <chris.lintonford@gmail.com>
Chris Osborn <csosborn@users.noreply.github.com>
Chris Tomkins-Tinch <tomkinsc@gmail.com>
Christine Doig <christine.doig.cardet@gmail.com>
Christoph Buchner <bilderbuchi@users.noreply.github.com>
Christoph Deil <Deil.Christoph@gmail.com>
Christoph Stich <christoph.n.stich@gmail.com>
Christopher Barber <christopher.barber@analog.com>
Christopher Granade <chgranad@microsoft.com> Christopher Granade <cgranade@cgranade.com>
Christopher Howard <45762860+topherocity@users.noreply.github.com>
Christopher J. Wright <cjwright4242@gmail.com> christopher <cjwright4242@gmail.com>
Christos Panopoulos <81637211+ChrisPanopoulos@users.noreply.github.com>
ColemanTom <15375218+ColemanTom@users.noreply.github.com>
Colin Brislawn <cbrisl@gmail.com>
Conda Bot <18747875+conda-bot@users.noreply.github.com> conda-bot <ad-team+condabot@anaconda.com>
Conda Bot <18747875+conda-bot@users.noreply.github.com> conda-bot <18747875+conda-bot@users.noreply.github.com>
Conda Bot <18747875+conda-bot@users.noreply.github.com> conda-bot <Distro Bot>
Conda Bot <18747875+conda-bot@users.noreply.github.com> conda-bot <distro-bot@anaconda.com>
Conda Bot <18747875+conda-bot@users.noreply.github.com> Distro Bot <ad-team+condabot@anaconda.com>
Conda Bot <18747875+conda-bot@users.noreply.github.com> Distro Bot <18747875+conda-bot@users.noreply.github.com>
Conda Bot <18747875+conda-bot@users.noreply.github.com> Distro Bot <Distro Bot>
Conda Bot <18747875+conda-bot@users.noreply.github.com> Distro Bot <distro-bot@anaconda.com>
Conda Bot <18747875+conda-bot@users.noreply.github.com> distro-bot@anaconda.com <ad-team+condabot@anaconda.com>
Conda Bot <18747875+conda-bot@users.noreply.github.com> distro-bot@anaconda.com <18747875+conda-bot@users.noreply.github.com>
Conda Bot <18747875+conda-bot@users.noreply.github.com> distro-bot@anaconda.com <Distro Bot>
Conda Bot <18747875+conda-bot@users.noreply.github.com> distro-bot@anaconda.com <distro-bot@anaconda.com>
Conda Bot <18747875+conda-bot@users.noreply.github.com> conda bot <ad-team+condabot@anaconda.com>
Conda Bot <18747875+conda-bot@users.noreply.github.com> conda bot <18747875+conda-bot@users.noreply.github.com>
Conda Bot <18747875+conda-bot@users.noreply.github.com> conda bot <Distro Bot>
Conda Bot <18747875+conda-bot@users.noreply.github.com> conda bot <distro-bot@anaconda.com>
Cong <kongvc@gmail.com>
Connor Martin <cmartin@anaconda.com> Connor Martin <connormartin7@gmail.com>
Crystal Soja <crystal.soja@continuum.io> csoja <crystal.soja@continuum.io>
Daekwon Yun <codepage949@gmail.com> codepage949 <codepage949@gmail.com>
Dainese Hsiao <daineseh@gmail.com>
Dan Blanchard <dan.blanchard@gmail.com>
Dan Dascalescu <ddascalescu+github@gmail.com>
Dan Lovell <dlovell@gmail.com> dlovell <dlovell@gmail.com>
Dan Meador <danmeador33@gmail.com> Dan Meador <dmeador@anaconda.com>
Daniel Bast <2790401+dbast@users.noreply.github.com>
Daniel Holth <dholth@anaconda.com>
Daniel Hook <dhgit@nym.hush.com> dan-hook <dhgit@nym.hush.com>
Daniel Wehner <dawehner@users.noreply.github.com>
Daniel Zeng <blackgear@users.noreply.github.com> Daniel.Zeng <blackgear@users.noreply.github.com>
Dario Curreri <48800335+dariocurr@users.noreply.github.com>
Darren Dale <dsdale24@gmail.com>
Dave <github@davenoonan.com>
Dave Hirschfeld <dave.hirschfeld@gmail.com> dhirschf <dhirschfeld@users.noreply.github.com>
Dave Hirschfeld <dave.hirschfeld@gmail.com> dhirschf <david.hirschfeld@gazprom-mt.com>
Dave Hirschfeld <dave.hirschfeld@gmail.com> dhirschf <david.hirschfeld@stanwell.com>
Dave Hirschfeld <dave.hirschfeld@gmail.com> dhirschf <dave.hirschfeld@gmail.com>
Dave Hirschfeld <dave.hirschfeld@gmail.com> dhirschfeld <dhirschfeld@users.noreply.github.com>
Dave Hirschfeld <dave.hirschfeld@gmail.com> dhirschfeld <david.hirschfeld@gazprom-mt.com>
Dave Hirschfeld <dave.hirschfeld@gmail.com> dhirschfeld <david.hirschfeld@stanwell.com>
Dave Hirschfeld <dave.hirschfeld@gmail.com> dhirschfeld <dave.hirschfeld@gmail.com>
Dave Hirschfeld <dave.hirschfeld@gmail.com> David Hirschfeld <dhirschfeld@users.noreply.github.com>
Dave Hirschfeld <dave.hirschfeld@gmail.com> David Hirschfeld <david.hirschfeld@gazprom-mt.com>
Dave Hirschfeld <dave.hirschfeld@gmail.com> David Hirschfeld <david.hirschfeld@stanwell.com>
Dave Hirschfeld <dave.hirschfeld@gmail.com> David Hirschfeld <dave.hirschfeld@gmail.com>
Dave Hirschfeld <dave.hirschfeld@gmail.com> Dave Hirschfeld <dhirschfeld@users.noreply.github.com>
Dave Hirschfeld <dave.hirschfeld@gmail.com> Dave Hirschfeld <david.hirschfeld@gazprom-mt.com>
Dave Hirschfeld <dave.hirschfeld@gmail.com> Dave Hirschfeld <david.hirschfeld@stanwell.com>
Dave Hirschfeld <dave.hirschfeld@gmail.com> Dave Hirschfeld <dave.hirschfeld@gmail.com>
Dave Hogue <thedavehogue@gmail.com>
Dave Masino <davem@slalom.com>
David Froger <david.froger@inria.fr> David Froger <david.froger@mailoo.org>
David Kent <davidkent@fastmail.com.au>
David Li <li.davidm96@gmail.com>
David Mertz <dmertz@continuum.io>
David Warde-Farley <d.warde.farley@gmail.com>
Deepyaman Datta <deepyaman.datta@utexas.edu>
Dennis George <dennispg@gmail.com>
Derek Ludwig <dludwig@continuum.io> Derek Ludwig <derek.s.ludwig@gmail.com>
Diogo de Campos <campos@esss.com.br>
Duncan Macleod <duncan.macleod@ligo.org>
Dylan Morroll <dylanmorroll@outlook.com>
Dylan Orzel <dylan.orzel@gmail.com>
Dzianis Shpektarau <immerrr@gmail.com> immerrr <immerrr@gmail.com>
Ed Reed <ed.r.reed@lmco.com>
Eli Rykoff <erykoff@stanford.edu>
Eric Dill <edill@bnl.gov> Eric Dill <eric.dill@maxpoint.com>
Eric Prestat <eric.prestat@gmail.com>
Erik Sundell <erik.i.sundell@gmail.com>
Ernst Reissner <rei3ner@arcor.de>
Eugene Van den Bulke <eugene.vandenbulke@gmail.com>
Evo <118423954+HeavenEvolved@users.noreply.github.com>
Faustin Carter <faustin.carter@gmail.com>
FelisNivalis <88343630+FelisNivalis@users.noreply.github.com>
Flavio Martins <flaviomartins@acm.org>
Florenz A. P. Hollebrandse <faph@users.noreply.github.com> faph <faph@users.noreply.github.com>
Floris Bruynooghe <flub@devork.be>
Forrest Waters <fwaters@anaconda.com> Forrest Waters <fwaters@0609.lan>
Forrest Waters <fwaters@anaconda.com> Forrest Waters <fwaters@0609.local>
Frederic Bastien <nouiz@nouiz.org>
Gabe Martin-Dempesy <gabetax@gmail.com>
Gabriel Reis <gabriel.reis@gazprom-mt.com> Gabriel Reis <gabrielcnr@gmail.com>
Geir Ove Myhr <Geir.Ove.Myhr@lr.org>
George Hartzell <hartzell@alerce.com>
Gil Forsyth <gforsyth@users.noreply.github.com>
Giles Cope <gilescope@gmail.com>
Gonzalo Peña-Castellanos <goanpeca@gmail.com>
Greg Brener <g.brener@gmail.com>
Gregor Kržmanc <gregor.krzmanc@gmail.com>
Guilherme Quentel Melo <gqmelo@gmail.com> Guilherme Quentel Melo <guilherme@esss.com.br>
Guo Ci <zguoci@gmail.com> guoci <zguoci@gmail.com>
Hamza Sheikh <code@codeghar.com>
Havoc Pennington <hp@pobox.com>
Henning Schroder <henning.schroeder@gmail.com>
Hsin-Hsiang Peng <hsinspeng@gmail.com>
Hugo Buddelmeijer <hugo@buddelmeijer.nl>
Iain Gillis <iainsgillis@users.noreply.github.com>
Ian Stokes-Rees <ijstokes@continuum.io>
Igor Igamberdiev <26900553+ivigamberdiev@users.noreply.github.com> ivigamberdiev <26900553+ivigamberdiev@users.noreply.github.com>
Ikko Eltociear Ashimine <eltociear@gmail.com>
Ilan Cosman <ilancosman@gmail.com>
Ilan Schnell <ilan@continuum.io> Ilan Schnell <ilan@hq-dhcp-20-84.20.10.10.in-addr.arpa>
Ilan Schnell <ilan@continuum.io> Ilan Schnell <ilanschnell@gmail.com>
Ilango Rajagopal <ilangokul@gmail.com>
InfiniteChai <infinitechai@gmail.com>
Isaiah Norton <isaiah.norton@gmail.com>
Isuru Fernando <isuruf@gmail.com>
Ivan Smirnov <i.s.smirnov@gmail.com>
Jacob Hultman <jhultman@novateurresearch.com> Jacob <jhultman@novateurresearch.comgit config --global user.email jhultman@novateurresearch.com>
Jacob Smith <jacoblsmith@gmail.com>
Jacopo Sabbatini <dedalusj@gmail.com> Jacopo <jacopo.sabbatini@roames.com.au>
Jacopo Sabbatini <dedalusj@gmail.com> Jacopo <dedalusj@gmail.com>
Jacques Kvam <jwkvam@gmail.com>
Jaime Rodríguez-Guerra <jaime.rogue@gmail.com> jaimergp <jaimergp@users.noreply.github.com>
Jaime Rodríguez-Guerra <jaime.rogue@gmail.com> jaimergp <jaime.rogue@gmail.com>
Jaime Rodríguez-Guerra <jaime.rogue@gmail.com> Jaime Rodríguez-Guerra <jaimergp@users.noreply.github.com>
Jaime Rodríguez-Guerra <jaime.rogue@gmail.com> Jaime Rodríguez-Guerra <jaime.rogue@gmail.com>
Jaime Rodríguez-Guerra <jaime.rogue@gmail.com> Jaime RGP <jaimergp@users.noreply.github.com>
Jaime Rodríguez-Guerra <jaime.rogue@gmail.com> Jaime RGP <jaime.rogue@gmail.com>
Jaime Rodríguez-Guerra <jaime.rogue@gmail.com> Jaime RG <jaimergp@users.noreply.github.com>
Jaime Rodríguez-Guerra <jaime.rogue@gmail.com> Jaime RG <jaime.rogue@gmail.com>
James Domingo <jdomingo@umn.edu>
James Myatt <james@jamesmyatt.co.uk>
James Penn <james@jamespenn.co.uk>
James Sexton <TwistedLadder@gmail.com>
James Winegar <jameswinegar@users.noreply.github.com>
Jan-Benedikt Jagusch <jan.jagusch@gmail.com>
Jan-Philipp Igla <hello@jpigla.de>
Jannis Leidel <jannis@leidel.info>
Jason Grout <jgrout6@bloomberg.net>
Jason Vestuto <jvestuto@continuum.io>
Javier Rovegno <javier.rovegno@gmail.com> jrovegno <tatadeluxe@gmail.com>
Jayson Messenger <jayson.messenger@gmail.com>
Jeffrey Gill <jeffrey.p.gill@gmail.com>
Jeremy Liu <jeremy.jl.liu@gmail.com>
Jerimiah Willhite <32030231+razzlestorm@users.noreply.github.com>
Jesse Hamer <4989897+jesse-@users.noreply.github.com>
Jillian Rowe <jillian.e.rowe@gmail.com>
Joe D <dasenbrockjw@gmail.com>
Joe Jevnik <joe@quantopian.com>
Joel Hull <joel.hull@continuum.io> joel.hull@continuum.io <joel.hull@continuum.io>
Joel Kim <kim.dohhyoung@gmail.com>
Joel Tony <95355656+jay-tau@users.noreply.github.com>
Johan Carlin <johan.carlin@gmail.com>
Johannes Köster <johannes.koester@uni-due.de>
John Ayad <johnhany97@gmail.com>
John Flavin <flavinj@gmail.com>
John Kirkham <jakirkham@gmail.com> jakirkham <kirkhamj@janelia.hhmi.org>
John Kirkham <jakirkham@gmail.com> jakirkham <jakirkham@gmail.com>
John Kirkham <jakirkham@gmail.com> John Kirkham <kirkhamj@janelia.hhmi.org>
John Kirkham <jakirkham@gmail.com> John Kirkham <jakirkham@gmail.com>
Johnny Núñez Cano <johnnync13@gmail.com> Johnny <johnnync13@gmail.com>
Jonas Haag <jonas@lophus.org>
Jonathan J. Helmus <jjhelmus@gmail.com>
Josh Mayer <jmayer@hbk.com>
Juan Luis Cano Rodríguez <juanlu001@gmail.com> Juan Luis Cano Rodríguez <juanlu@orchest.io>
Juan Nunez-Iglesias <juan.n@unimelb.edu.au>
Julien Schueller <schueller@phimeca.com>
Justus Schwabedal <jschwabedal@gmail.com> jusjusjus <jschwabedal@gmail.com>
Justyn Harriman <justyn@nextdoor.com>
Kahlil Hodgson <tartansandal@users.noreply.github.com> Kahlil Hodgson <unknown@email.com>
Kai Tietz <ktietz@anaconda.com>
Kale Franz <kfranz@continuum.io> Kale Franz <kalefranz@users.noreply.github.com>
Kamil Kwiek <kamil.kwiek@continuum.io> irritum <kamil.kwiek@continuum.io>
Kamil Kwiek <kamil.kwiek@continuum.io> Kamil Kwiek (irritum) <kamil.kwiek@continuum.io>
Kannan Jayachandran <81518270+kannanjayachandran@users.noreply.github.com>
Kara de la Marck <karadelamarck@gmail.com>
Katherine Abrikian <kalawac@users.noreply.github.com>
Katherine Kinnaman <kkinnaman@anaconda.com>
Ken Odegard <kodegard@anaconda.com> kenodegard <kodegard@anaconda.com>
Ken Odegard <kodegard@anaconda.com> kenodegard <ken.odegard@gmail.com>
Ken Odegard <kodegard@anaconda.com> kenodegard <ken.odegard@bp.com>
Ken Odegard <kodegard@anaconda.com> njalerikson <kodegard@anaconda.com>
Ken Odegard <kodegard@anaconda.com> njalerikson <ken.odegard@gmail.com>
Ken Odegard <kodegard@anaconda.com> njalerikson <ken.odegard@bp.com>
Ken Odegard <kodegard@anaconda.com> Odegard, Ken <kodegard@anaconda.com>
Ken Odegard <kodegard@anaconda.com> Odegard, Ken <ken.odegard@gmail.com>
Ken Odegard <kodegard@anaconda.com> Odegard, Ken <ken.odegard@bp.com>
Ken Odegard <kodegard@anaconda.com> Odegard, Ken (Flamingo Technologies) <kodegard@anaconda.com>
Ken Odegard <kodegard@anaconda.com> Odegard, Ken (Flamingo Technologies) <ken.odegard@gmail.com>
Ken Odegard <kodegard@anaconda.com> Odegard, Ken (Flamingo Technologies) <ken.odegard@bp.com>
Kenneth Schackart <schackartk1@gmail.com>
Kerry Watson <kwatson@continuum.io> Kerry Watson <kwatson@anaconda.com>
Kevin Deldycke <kevin@deldycke.com> Kevin Deldycke <kdeldycke@scaleway.com>
Kfir Zvi <37975741+zvikfir@users.noreply.github.com>
Kian-Meng Ang <kianmeng.ang@gmail.com>
Korijn van Golen <korijn@gmail.com> Korijn van Golen <k.vangolen@clinicalgraphics.com>
Kurt Wheeler <kurt.wheeler91@gmail.com>
Kyle Gerard Felker <felker@anl.gov>
Larry Bradley <larry.bradley@gmail.com>
Lila Hickey <lila.hickey@continuum.io>
Loïc Estève <loic.esteve@ymail.com>
Lorcan Hamill <lorcan@lorcanhamill.com>
Lori A. Burns <lori.burns@gmail.com>
Luc J. Bourhis <luc_j_bourhis@mac.com>
Luis Gutierrez <lg@luisg.net>
Maggie Mari <maggie.mari@continuum.io>
Mahe Iram Khan <65779580+ForgottenProgramme@users.noreply.github.com>
Majid alDosari <majid.aldosari@gmail.com> majidaldo <majidaldosar-github@yahoo.com>
Majid alDosari <majid.aldosari@gmail.com> majidaldo <majidaldosari-github@yahoo.com>
Mak Sze Chun <makszechun@gmail.com> makbigc <makszechun@gmail.com>
Maksim Rakitin <mrakitin@users.noreply.github.com>
Mandeep Bhutani <mbhutani@continuum.io> mandeep <mbhutani@continuum.io>
Mansour Moufid <mansourmoufid@gmail.com>
Marcel Bargull <mbargull@users.noreply.github.com> Marcel Bargull <marcel.bargull@udo.edu>
Marcel Stimberg <marcel.stimberg@inserm.fr>
Marcelo Duarte Trevisani <marcelotrevisani@users.noreply.github.com> Marcelo Duarte Trevisani <marceloduartetrevisani@gmail.com>
Marcin Wojdyr <wojdyr@gmail.com>
Marco Esters <mesters@anaconda.com>
Marco Rossi <developer@marco-rossi.com>
Marcos Vanetta <marcosvanetta@gmail.com>
Marcus Caisey <marcus@teckna.com>
Mario Juric <mjuric@astro.washington.edu>
Mark Harfouche <mark.harfouche@gmail.com>
Mark Edzel Potane <1000100ten@gmail.com>
Mark Wiebe <mwiebe@continuum.io> Mark Wiebe <mwwiebe@gmail.com>
Markus Gerstel <markus.gerstel@diamond.ac.uk>
Marland Sitt <marland.sitt@gmail.com>
Martin Dengler <martin@martindengler.com>
Martin Kou <martin@coinalpha.com>
Martin Prüsse <prusse@esss.com.br>
Martin Raden <mmann@informatik.uni-freiburg.de>
Matt Craig <mattwcraig@gmail.com>
Matt Kramer <matthew.robert.kramer@gmail.com>
Matthew Anderson <matta9001@gmail.com> matta9001 <matta9001@gmail.com>
Matthew Dillon <matthewrdillon@gmail.com>
Matthew Linebaugh <23125233+mlline00@users.noreply.github.com> mlline00 <23125233+mlline00@users.noreply.github.com>
Matthew R. Becker <becker.mr@gmail.com> Matthew R. Becker <beckermr@users.noreply.github.com>
Matthew R. Becker <becker.mr@gmail.com> Matthew R. Becker <becker.mr@gmail.com>
Matthew R. Becker <becker.mr@gmail.com> Matthew R Becker <beckermr@users.noreply.github.com>
Matthew R. Becker <becker.mr@gmail.com> Matthew R Becker <becker.mr@gmail.com>
Matthew Rocklin <mrocklin@gmail.com>
Matthew Wardrop <mpwardrop@gmail.com>
Matthieu Guillaumin <matthieg@amazon.com>
MatthieuDartiailh <marul@laposte.net>
Matti Picus <matti.picus@gmail.com> mattip <matti.picus@gmail.com>
Maurice Myer <morre@mor.re>
Max Reeder <reeder.max@gmail.com>
Maximilian Noethe <maximilian.noethe@tu-dortmund.de>
Maya Gilad <ms.maya.gilad@gmail.com> mayagilad <ms.maya.gilad@gmail.com>
Meixu Song <songmeixu@outlook.com>
Mervin Fansler <mef3005@med.cornell.edu> Mervin Fansler <mmfansler@gmail.com>
Michael Albert <albertmichaelj@users.noreply.github.com> albertmichaelj <albertmichaelj@users.noreply.github.com>
Michael C. Grant <mgrant@anaconda.com> Michael Grant <mgrant@continuum.io>
Michael C. Grant <mgrant@anaconda.com> Michael Grant <mcg@cvxr.com>
Michael C. Grant <mgrant@anaconda.com> Michael C. Grant <mgrant@continuum.io>
Michael C. Grant <mgrant@anaconda.com> Michael C. Grant <mcg@cvxr.com>
Michael Heilman <mheilman@civisanalytics.com>
Michael Kincaid <663145+mkincaid@users.noreply.github.com> mkincaid <663145+mkincaid@users.noreply.github.com>
Michael Marchetti <mmarchetti@continuum.io>
Michael Sarahan <msarahan@continuum.io> Mike Sarahan <msarahan@gmail.com>
Michael Sarahan <msarahan@continuum.io> Mike Sarahan <msarahan@continuum.io>
Michael Sarahan <msarahan@continuum.io> Michael Sarahan <msarahan@gmail.com>
Michael Sarahan <msarahan@continuum.io> Michael Sarahan <msarahan@continuum.io>
Michael Wild <themiwi@users.sourceforge.net>
Michaël Defferrard <michael.defferrard@epfl.ch>
Michele Mastropietro <michele.mastropietro@gmail.com>
Mickey Rose <lightmare@users.noreply.github.com>
Mihir Rege <1194396+geremih@users.noreply.github.com>
Mika Fischer <mika.fischer@zoopnet.de>
Mike Croucher <michael.p.croucher@googlemail.com>
MinRK <benjaminrk@gmail.com>
Minh Phan <phanducnhatminh@gmail.com>
Morgan Parry <mparry@users.noreply.github.com>
Morten Enemark Lund <melund@gmail.com>
Murray Read <read@ccdc.cam.ac.uk>
NaincyKumariKnoldus <87004609+NaincyKumariKnoldus@users.noreply.github.com>
Nate Coraor <nate@bx.psu.edu>
Navdeeppal Singh <29735499+nps1ngh@users.noreply.github.com> nps1ngh <29735499+nps1ngh@users.noreply.github.com>
Nehal J Wani <nehaljw.kkd1@gmail.com>
Nelson Liu <nelson-liu@users.noreply.github.com>
Ni Huang <nh3@users.noreply.github.com> nh3 <ni.huang@sanger.ac.uk>
Ni Huang <nh3@users.noreply.github.com> nh3 <nh3@users.noreply.github.com>
Nicholas Pierotti <npierotti@0288-npierotti.local>
Nick Eubank <nickeubank@users.noreply.github.com>
Nikhil Dhandre <ndhandre@redhat.com> NIKHIL DHANDRE <ndhandre@redhat.com>
Nikhil Raverkar <raverkar.nikhil@gmail.com>
Niklas Holm <niklas.holm.271@gmail.com> Niklas Holm <jadedcyborg@gmail.com>
Nir Ganani <nganani@gmail.com>
Nitin Madnani <nmadnani@gmail.com>
Nixon Kwok <nixon.kwok@thinkboxsoftware.com>
Noah Pendleton <2538614+noahp@users.noreply.github.com>
Ofek Lev <ofekmeister@gmail.com>
Ohad Ravid <ohad.rv@gmail.com>
Oleg Samoylenko <osamoylenko@gmail.com>
Oleh Khoma <okhoma@gmail.com> Oleh Khoma <oleh.khoma@eleks.com>
Ondřej Čertík <ondrej.certik@gmail.com>
Orion Poplawski <orion@nwra.com>
Patricio Hubmann <phubmann@machinalis.com>
Patrick Snape <patrick.snape08@imperial.ac.uk>
Paul Yim <pseudoyim@users.noreply.github.com>
Pavel Zwerschke <pavelzw@gmail.com>
Pete Bachant <petebachant@gmail.com>
Peter Cable <petercable@gmail.com>
Peter Williams <peter@newton.cx>
Phil Elson <pelson.pub@gmail.com>
Philip Thomas <pthomas.v3@gmail.com> psthomas <pthomas.v3@gmail.com>
Philippe Mathieu <71FIL@users.noreply.github.com>
Philippe Ombredanne <pombredanne@gmail.com>
Pradipta Ghosh <pradghos@in.ibm.com>
Preston Moore <111530217+pkmooreanaconda@users.noreply.github.com>
Rachel Rigdon <45607889+rrigdon@users.noreply.github.com> rrigdon <rrigdon@anaconda.com>
Rachel Rigdon <45607889+rrigdon@users.noreply.github.com> Rachel <rrigdon@anaconda.com>
Rafael de Barros <rdebarros@gmail.com>
Ralf Gommers <ralf.gommers@googlemail.com>
Rami Chowdhury <rami.chowdhury@gmail.com>
Ramsey D'silva <rdsilva@mackenzieinvestments.com>
Ravi Gummadi <ravigumm@in.ibm.com>
Ray Donnelly <mingw.android@gmail.com>
Remi Rampin <remirampin@gmail.com>
Riccardo Vianello <riccardo.vianello@gmail.com>
Rich Lewis <rl403@cam.ac.uk> Rich <rl403@cam.ac.uk>
Richard Gowers <richardjgowers@gmail.com>
Robert Johansson <jrjohansson@gmail.com>
Roger Erens <roger.erens@e-s-c.biz>
Rollin Thomas <rcthomas@lbl.gov>
Ryan <rkeith@anaconda.com> Ryan <rskeith@gmail.com>
Ryan Grout <rgrout@continuum.io> Ryan Grout <ayr035@gmail.com>
Ryan Grout <rgrout@continuum.io> Ryan Grout <groutr@users.noreply.github.com>
Ryan Grout <rgrout@continuum.io> Ryan Grout <ryan@ryangrout.org>
Rüdiger Busche <ruedigerbusche@web.de>
Saad Parwaiz <saad.parwaiz1@gmail.com>
Sachin G Biradar <sachin@wirelessprvnat-172-16-196-108.near.illinois.edu>
Sam Davis <samgd@users.noreply.github.com>
Sam Nicholls <samstudio8+github@gmail.com>
Samson Yeung <samson_gh@onepatchdown.net>
Samuel Debionne <samuel.debionne@esrf.fr>
Samuel Walters-Nevet <SamuelWN@users.noreply.github.com>
Sanskrati <31sanskrati@gmail.com>
Santi Villalba <sdvillal@gmail.com> santi <sdvillal@gmail.com>
Santiago Castro <sacastro@umich.edu>
Sarah Bird <github@birdsbits.com>
Saranya Mahalingam <smahalingam@anaconda.com>
Satyam Vyas <vyas.satyam.04@gmail.com>
Sauco Cano Navarro <saucoide@gmail.com> saucoide <saucoide@gmail.com>
Scott Evtuch <scott@evtuch.net>
Sean Ross-Ross <srossross@gmail.com> srossross <srossross@gmail.com>
Sebastien Awwad <sebastien.awwad@gmail.com>
Shannon Green <sgreen@cochlear.com>
Shaun Thompson <shaun.b.thompson@gmail.com> autotmp <shaun.b.thompson@gmail.com>
Shaun Walbridge <shaun.walbridge@gmail.com>
Shaun Walbridge <46331011+scdub@users.noreply.github.com>
Sidhant Bansal <sidhbansal@gmail.com> sidhant007 <sidhbansal@gmail.com>
Simon Li <orpheus+devel@gmail.com>
Simon McLaren <35660278+simon9500@users.noreply.github.com>
Skipper Seabold <jsseabold@gmail.com> Skipper Seabold <sseabold@civisanalytics.com>
Sophia Castellarin <scastellarin@continuum.io> Sophia Castellarin <scastellarin@anaconda.com>
Sophia Castellarin <scastellarin@continuum.io> Sophia Castellarin <scastellarin95@gmail.com>
Sophia Castellarin <scastellarin@continuum.io> soapy1 <scastellarin@anaconda.com>
Sophia Castellarin <scastellarin@continuum.io> soapy1 <scastellarin95@gmail.com>
Sophia Castellarin <scastellarin@continuum.io> sophia <scastellarin@anaconda.com>
Sophia Castellarin <scastellarin@continuum.io> sophia <scastellarin95@gmail.com>
Spencer Mathews <spencermathews@users.noreply.github.com>
Srivas Venkatesh <110486050+sven6002@users.noreply.github.com>
Stan Seibert <stan.seibert@continuum.io>
Stanis Shkel <stanis.shkel@gmail.com>
Stefaan Lippens <stefaan@netlog.com>
Stefan Scherfke <stefan@sofa-rockers.org>
Stefan Seefeld <stefan@seefeld.name>
Steffen Van <steffenvan@Steffens-MacBook-Pro.local>
Stephan Hoyer <shoyer@gmail.com>
Stephen Robinson <stephen.i.robinson@vanderbilt.edu>
Steve Palmroth <Steve.Palmroth@tudor.com> spalmrot-tic <Steve.Palmroth@tudor.com>
Steven Engler <smengler3@gmail.com>
Stijn Verstraeten <stinos@users.noreply.github.com> stinos <stinos@users.noreply.github.com>
Stuart Berg <bergs@janelia.hhmi.org>
Tadeu Manoel <tadeu@esss.com.br>
Teake Nutma <t.a.nutma@rug.nl> Teake Nutma <teake.nutma@gmail.com>
Thomas Holder <thomas.holder@schrodinger.com>
Thomas Kluyver <takowl@gmail.com>
Thomas Lam <79589038+tl-hbk@users.noreply.github.com>
Thomas Wiecki <thomas.wiecki@gmail.com>
Théo Segonds <theo.segonds@inria.fr>
Tian Zhang <zhangtian1000@gmail.com> tester <tester@test-machine.local>
Tian Zhang <zhangtian1000@gmail.com> tester <zhangtian1000@gmail.com>
Tian Zhang <zhangtian1000@gmail.com> Zhang Tian <tester@test-machine.local>
Tian Zhang <zhangtian1000@gmail.com> Zhang Tian <zhangtian1000@gmail.com>
Tian Zhang <zhangtian1000@gmail.com> Tian Zhang <tester@test-machine.local>
Tian Zhang <zhangtian1000@gmail.com> Tian Zhang <zhangtian1000@gmail.com>
Tianchen Zhong <tczhong24@gmail.com> tianchen zhong <tczhong24@gmail.com>
Tim Gates <tim.gates@iress.com>
Tim Hoffmann <2836374+timhoffm@users.noreply.github.com>
Tim Hopper <tdhopper@gmail.com>
Tim Snyder <snyder.tim@gmail.com>
Tobias Megies <megies@geophysik.uni-muenchen.de>
Tom Hu <88201630+thomasrockhu-codecov@users.noreply.github.com>
Tom Saleeba <tom.saleeba@gmail.com>
Travis E. Oliphant <teoliphant@gmail.com> Travis E. Oliphant <travis@continuum.io>
Travis Hathaway <travis.j.hathaway@gmail.com>
Travis Swicegood <travis@domain51.com> Travis Swicegood <development@domain51.com>
Trent Nelson <trent@trent.me>
Troy Powell <tpowell@MathBook Pro.(none)>
Tyler Kim <tkim139@illinois.edu> Tyler Kim <tyler.kimothy@gmail.com>
Tyrone Grandison <tgrandison@gmail.com>
Ullrich Koethe <ullrich.koethe@iwr.uni-heidelberg.de>
Uwe L. Korn <xhochy@users.noreply.github.com> Uwe L. Korn <uwe.korn@quantco.com>
Valentin Haenel <vhaenel@anaconda.com> esc <valentin@haenel.co>
Valentin Haenel <vhaenel@anaconda.com> esc <esc@users.noreply.github.com>
Valentin Haenel <vhaenel@anaconda.com> Valentin Haenel <valentin@haenel.co>
Valentin Haenel <vhaenel@anaconda.com> Valentin Haenel <esc@users.noreply.github.com>
Victor Ma <victorma649@gmail.com>
Vlad Frolov <frolvlad@gmail.com>
Vlad Zagorodniy <vladzzag@gmail.com>
Wes Roach <wesr000@gmail.com>
Wes Turner <wes.turner@gmail.com>
Will Warner <electronwill@gmail.com> electronwill <electronwill@gmail.com>
Willy Chen <st40809@gmail.com>
Winston Sebastian Pais <51374812+WinstonPais@users.noreply.github.com>
Wolfgang Ulmer <wolfgang.ulmer@de.bosch.com> Wolfgang Ulmer <wulmer@web.de>
Xuehai Pan <XuehaiPan@outlook.com>
Xylar Asay-Davis <xylarstorm@gmail.com>
Yaroslav Dmytryk <ydmytryk@anaconda.com>
Yuval Reches <38044145+yuvalreches@users.noreply.github.com>
Yuvi Panda <yuvipanda@gmail.com>
Zach Heaton <zheaton@gmail.com>
Zahari <zaharid@gmail.com>
Zhiwei Liang <zhiwei.liang@asu.edu>
Zongyuan Zuo <eternalphane@gmail.com>
dependabot[bot] <49699333+dependabot[bot]@users.noreply.github.com>
endolith <endolith@gmail.com>
giumas <giumas@yahoo.it>
kanehira <etcxngsy813@gmail.com>
lexual <lex@jbadigital.com>
mcopes73 <mcopes73@gmail.com>
oinizan <oinizan@gmail.com>
ovz <ovz@yahoo.com>
peter1000 <peter.margo@gmx.de>
pre-commit CI <66853113+pre-commit-ci[bot]@users.noreply.github.com> pre-commit-ci[bot] <66853113+pre-commit-ci[bot]@users.noreply.github.com>
saraneem <smahalingam@continuum.io>
shadow_walker <shadowwalkersb@gmail.com>
ugurthemaster <ugurthemaster@gmail.com>
wulmer <wulmer@users.noreply.github.com>
Øystein Idema Torget <oysteinidema.torget@statkraft.com>
İrem "Siren" Kuyucu <siren@kernal.eu>
